Name,GivenName,Surname,SamAccountName,UserPrincipalName,Path
Test1 User1,Test1,User1,tuser1,tuser1@rebeladmin.com,"OU=Users,OU=Europe,DC=rebeladmin,DC=com"
Test2 User2,Test2,User2,tuser2,tuser2@rebeladmin.com,"OU=Users,OU=Europe,DC=rebeladmin,DC=com"
Test3 User3,Test3,User3,tuser3,tuser3@rebeladmin.com,"OU=Users,OU=Europe,DC=rebeladmin,DC=com"
Test4 User4,Test4,User4,tuser4,tuser4@rebeladmin.com,"OU=Users,OU=Europe,DC=rebeladmin,DC=com"
Test5 User5,Test5,User5,tuser5,tuser5@rebeladmin.com,"OU=Users,OU=Europe,DC=rebeladmin,DC=com"
Test6 User6,Test6,User6,tuser6,tuser6@rebeladmin.com,"OU=Users,OU=Europe,DC=rebeladmin,DC=com"
Test7 User7,Test7,User7,tuser7,tuser7@rebeladmin.com,"OU=Users,OU=Europe,DC=rebeladmin,DC=com"
Test8 User8,Test8,User8,tuser8,tuser8@rebeladmin.com,"OU=Users,OU=Europe,DC=rebeladmin,DC=com"
Test9 User9,Test9,User9,tuser9,tuser9@rebeladmin.com,"OU=Users,OU=Europe,DC=rebeladmin,DC=com"
Test10 User10,Test10,User10,tuser10,tuser10@rebeladmin.com,"OU=Users,OU=Europe,DC=rebeladmin,DC=com"
